{
   "device_class" : "controller",
   "device_serial_number" : "LHR-A6B3A15B",
   "manufacturer" : "Tundra Labs",
   "model_number" : "Tundra Hand Controller",
   "render_model" : "{tmi_hand_controller}/tmi_hand_controller",
   "resource_root" : "tmi_hand_controller",
   "input_profile" : "{tmi_hand_controller}/input/tmi_hand_controller_profile.json",
   "revision" : 1,
   "firmware_config" : {
      "mapped_input" : true,
      "haptic_driver" : "mapped_input",
      "remap_channel_13" : 6,
      "remap_channel_14" : 7,
      "remap_channel_15" : 8,
      "remap_channel_16" : 9,
      "remap_channel_17" : 10,
      "remap_channel_23" : 11,
      "remap_channel_24" : 12,
      "remap_channel_25" : 13,
      "remap_channel_26" : 14,
      "remap_channel_27" : 15,
      "remap_channel_28" : 16,
      "remap_channel_29" : 17,
      "remap_channel_4" : 2,
      "remap_channel_5" : 3,
      "remap_channel_6" : 4,
      "remap_channel_7" : 5,
      "sensor_enable" : "0xFFFFFFFF",
      "sensor_env_on_pin_a" : "0xFFFFFF00"
   },
   "head" : {
      "plus_x" : [ 1, 0, 0 ],
      "plus_z" : [ 0, 0, 1 ],
      "position" : [ 0, 0, 0 ]
   },
   "imu" : {
      "plus_x" : [ 0.040157785345831698, -0.031960816476036769, -0.99868207493931216 ],
      "plus_z" : [ 0.78140480358183417, -0.62191029879265614, 0.051323885123897739 ],
      "position" : [ -0.0024401757400482893, -0.010472819209098816, 0.014289959333837032 ]
   },
   "lighthouse_config" : {
      "channelMap" : [ 9, 10, 11, 12, 13, 14, 15, 16, 17, 0, 1, 2, 3, 4, 5, 6, 7, 8 ],
      "modelNormals" : [
         [ -0.701289654, 0.0858565271, 0.707687378 ],
         [ 0.0331553407, 0.998586297, 0.0415471457 ],
         [ -0.0271429475, 0.99875164, 0.041934073 ],
         [ -0.499308169, 0.500690877, 0.707106769 ],
         [ -0.99875164, 0.0271429475, 0.041934073 ],
         [ -0.998586297, -0.0331553407, 0.0415471457 ],
         [ -0.396552056, 0.915698946, 0.0651297346 ],
         [ -0.809017003, 1.79629523e-16, 0.587785244 ],
         [ 0.00223558443, -0.808403313, 0.588624775 ],
         [ 0.676755309, -0.202930525, 0.707687378 ],
         [ -0.0331553407, -0.998586297, 0.0415471457 ],
         [ 0.0271429475, -0.99875164, 0.041934073 ],
         [ 0.502069771, -0.497921646, 0.707106769 ],
         [ 0.99875164, -0.0271429475, 0.041934073 ],
         [ 0.998586297, 0.0331553407, 0.0415471457 ],
         [ 0.396552056, -0.915698946, 0.0651297346 ],
         [ 0.809017003, 1.49383842e-16, 0.587785244 ],
         [ 0.00222941348, 0.806171894, 0.591677189 ]
      ],
      "modelPoints" : [
         [ 0.00339508941, 0.019572217, 0.0104703894 ],
         [ 0.0130533101, 0.0238121022, 0.00348623586 ],
         [ -0.0102159437, 0.0241341274, 0.00211076904 ],
         [ -0.0191008225, 0.0186524279, 0.00556111149 ],
         [ -0.023957869, 0.0101367952, 0.00221615075 ],
         [ -0.0239914209, -0.012849519, 0.00411905115 ],
         [ -0.0152244689, -0.00726248184, 0.0219524596 ],
         [ -0.0204505622, -0.012673066, 0.0213545337 ],
         [ -0.0139394598, -0.0206994377, 0.0210112594 ],
         [ -0.00335565745, -0.0196551196, 0.0106949592 ],
         [ -0.0130918883, -0.0238978602, 0.00336373714 ],
         [ 0.00998513587, -0.0239504073, 0.00178910675 ],
         [ 0.0192218609, -0.0186862964, 0.00560647016 ],
         [ 0.0240493361, -0.0101549812, 0.00245230226 ],
         [ 0.0239148103, 0.0129179293, 0.00411620131 ],
         [ 0.0152796125, 0.00739832874, 0.0219726749 ],
         [ 0.0204728916, 0.0126347421, 0.0214213803 ],
         [ 0.0132226571, 0.0202522092, 0.0213941336 ]
      ]
   }
}
